Sigla;Código;Município;1999;2000;2001;2002;2003;2004;2005;2006;2007;2008;2009;2010;Região;Microrregião
SC;4200051;Abdon Batista;3670,135896;3658,213985;4015,646856;4428,274545;4756,468984;4448,11901;4100,210268;4417,199733;4991,127275;6027,010634;6158,306454;5953,813;SUL;Curitibanos
SC;4200101;Abelardo Luz;7015,530759;7206,08801;6395,411199;7167,576471;9268,0208;8893,616733;6861,645358;6329,84424;9067,140214;10613,75956;11795,23266;10064,57419;SUL;Xanxerê
SC;4200200;Agrolândia;5229,480288;5379,810567;5793,278332;5866,73659;7033,377671;7723,430856;6920,719615;7321,791061;7016,032949;7594,702;6956,155912;7741,054479;SUL;Ituporanga
SC;4200309;Agronômica;6108,980445;6779,747542;6720,678207;7975,362978;8631,347905;9764,36753;8775,474675;5987,900099;6459,531704;6999,450026;7886,14719;8620,289926;SUL;Rio do Sul
SC;4200408;Água Doce;6018,762834;6591,997007;6856,475161;7299,19465;9342,305734;10382,66649;11416,92737;10515,17581;9978,119481;14596,65138;16670,7677;12579,1436;SUL;Joaçaba
SC;4200507;Águas de Chapecó;3226,680914;3634,409504;3612,64259;3857,059371;4532,293399;4939,626694;4523,874973;4450,924481;6106,831795;9549,032686;9693,449389;9264,175953;SUL;Chapecó
SC;4200556;Águas Frias;3636,008543;3952,835438;4118,229732;4982,390585;5895,592195;7508,975547;8876,54165;9150,011419;10829,89681;12029,46492;10426,77747;11422,31226;SUL;Chapecó
SC;4200606;Águas Mornas;4429,199682;5147,331431;4948,989771;4723,341574;5849,549448;5078,436852;5306,325233;4958,544887;5090,782099;6013,967509;5794,185789;5182,768781;SUL;Tabuleiro
SC;4200705;Alfredo Wagner;5325,265762;6730,159191;7053,793509;7249,023681;6805,509247;7194,160448;6763,988394;8850,257606;5514,952134;5409,010973;7996,385371;8615,332881;SUL;Tabuleiro
SC;4200754;Alto Bela Vista;4042,79993;5191,863383;6169,675438;6264,45586;7638,270589;6701,455727;7677,807442;6550,76357;6990,815995;7324,443236;6915,079245;7042,205508;SUL;Concórdia
SC;4200804;Anchieta;3775,655107;4084,652633;4068,294876;4547,717603;5391,256094;6137,935584;5879,966943;6094,568112;5604,708307;6150,277062;6278,223848;6556,492664;SUL;São Miguel do Oeste
SC;4200903;Angelina;3708,677076;4074,184122;4030,087448;4064,296375;4439,010094;4401,934346;4479,871806;4117,957573;4196,726187;5181,97792;5662,417001;5551,956719;SUL;Tijucas
SC;4201000;Anita Garibaldi;2508,74049;2805,176857;2815,891647;3243,062927;3565,014224;3246,071686;3360,795211;3099,304183;3534,419508;3882,90843;3816,762931;4185,148024;SUL;Campos de Lages
SC;4201109;Anitápolis;5130,92236;6221,461664;5755,117861;6309,701374;6899,450684;6657,398784;6059,859846;6194,776094;5040,610872;6365,257453;5510,300632;5843,264642;SUL;Tabuleiro
SC;4201208;Antônio Carlos;11533,53052;12045,02125;13569,70527;12188,5838;14157,76053;14161,94527;15341,0371;15912,70319;15777,55947;14886,37102;16536,21075;16726,0768;SUL;Florianópolis
SC;4201257;Apiúna;6375,184171;6613,724352;8610,374387;7285,463812;8039,0033;9558,065211;8740,936078;9856,649163;9770,280324;10589,86678;9876,193823;7837,524068;SUL;Blumenau
SC;4201273;Arabutã;3980,045344;4470,332167;4831,481885;4735,884903;5337,615952;5579,900769;5300,07302;4526,442703;5819,594995;6569,314765;6125,604718;4807,780528;SUL;Concórdia
SC;4201307;Araquari;4237,285409;4693,716249;5453,612626;4647,063473;5644,155727;5182,338591;5540,53551;6131,568623;6076,807258;6846,059174;6887,337021;9463,789713;SUL;Joinville
SC;4201406;Araranguá;4605,143639;4552,010457;4994,166264;5127,674695;5444,62891;5538,320304;5458,590093;5184,21814;5847,530448;6144,659344;6191,320509;5831,546342;SUL;Araranguá
SC;4201505;Armazém;3955,245284;4476,281881;4171,188213;3997,763873;4331,349756;4327,475344;4638,223413;4604,393253;4632,018638;5195,053288;5611,577739;5372,774418;SUL;Tubarão
SC;4201604;Arroio Trinta;4270,507159;4394,406506;7592,244613;4849,167583;5169,033264;5682,511128;5620,838451;5215,061494;5819,429558;6500,852869;6345,987119;6075,750188;SUL;Joaçaba
SC;4201653;Arvoredo;3431,931338;3982,960819;5034,220399;4115,982786;5799,457973;6223,234155;6338,905579;5269,976857;5742,79064;7484,764035;6992,282975;8560,794348;SUL;Concórdia
SC;4201703;Ascurra;5536,076246;5922,575538;4798,050456;5621,291894;5545,251987;5331,801773;5512,74793;5546,26506;6238,228271;5877,521927;6262,270791;6424,271959;SUL;Blumenau
SC;4201802;Atalanta;4949,237715;5422,023158;8072,620039;5827,922442;6105,992473;6555,827246;6608,046652;6145,196378;6591,448548;7134,030631;7159,77798;8530,726591;SUL;Ituporanga
SC;4201901;Aurora;5080,214996;5999,739832;7703,72016;6452,603927;6662,741145;7720,101674;7081,078327;7586,128651;7720,191314;8332,586284;7573,341976;8014,680319;SUL;Rio do Sul
SC;4201950;Balneário Arroio do Silva;4016,211024;4301,508575;2146,768666;3957,77783;4019,765643;3755,77375;3876,900621;3919,400213;3743,942581;3671,361701;3796,884517;3835,777599;SUL;Araranguá
SC;4202057;Balneário Barra do Sul;5270,311577;5719,400224;4193,600047;4150,502837;4230,515419;4114,276525;4327,941255;4917,463793;5487,024579;5249,503039;5240,849195;5062,895055;SUL;Joinville
SC;4202008;Balneário Camboriú;6547,547961;7249,032393;6734,078644;6476,540035;6448,116048;6374,423519;6759,836459;6954,414113;7440,450681;7534,122096;8067,309213;8287,420507;SUL;Itajaí
SC;4202073;Balneário Gaivota;3509,911595;3956,872547;3742,005761;3995,970326;4185,00094;3804,65522;3836,576519;3796,597652;3646,172344;3700,806383;3862,766147;3776,635665;SUL;Araranguá
SC;4202081;Bandeirante;2415,894524;2528,210172;3113,911902;3132,016786;4215,982402;4712,233155;4739,280282;3961,546544;4343,189143;4965,461023;5138,568464;5769,620399;SUL;São Miguel do Oeste
SC;4202099;Barra Bonita;4030,890312;4233,938158;4405,531206;4357,819928;5728,662457;5848,935657;5174,724419;4899,741333;5216,269541;6223,919108;5829,229831;6424,819962;SUL;São Miguel do Oeste
SC;4202107;Barra Velha;3894,225945;4111,97072;4127,842083;4243,497626;5084,76516;6008,146425;7088,923826;7120,30602;7735,883783;7395,56531;7841,988357;7680,956632;SUL;Itajaí
SC;4202131;Bela Vista do Toldo;3421,954746;4629,101307;4719,195359;5803,386899;7183,851576;6752,47523;5962,923287;5367,409568;6593,048219;7517,08291;7318,376966;8097,292723;SUL;Canoinhas
SC;4202156;Belmonte;3659,411072;4169,50134;4428,929981;3951,868285;5764,326095;6404,490321;6284,398153;5862,466015;4861,809318;5156,999522;5414,277099;5420,827143;SUL;São Miguel do Oeste
SC;4202206;Benedito Novo;4666,086164;4716,329892;4794,160015;5144,01287;6008,95213;6891,043372;6599,326409;7249,759256;6403,119698;5679,10147;5585,538328;5592,324217;SUL;Blumenau
SC;4202305;Biguaçu;9357,374569;9973,61158;9678,839361;9032,618262;10201,33254;9286,125663;9322,934654;8885,240747;10870,68694;10156,57664;10316,87389;10257,19067;SUL;Florianópolis
SC;4202404;Blumenau;12308,1692;13029,92712;12048,06648;11500,17911;10829,60534;11045,10238;11301,48082;12078,17952;12781,00313;12916,80912;12383,11979;12923,63305;SUL;Blumenau
SC;4202438;Bocaina do Sul;7597,001567;8373,194165;8065,46408;8377,453614;7137,910767;5906,592018;6216,526648;5998,615574;6642,716719;6542,243255;7428,829177;8188,04456;SUL;Campos de Lages
SC;4202503;Bom Jardim da Serra;3836,561085;3841,50094;4673,536829;4342,593757;6152,704744;4599,119685;4949,883109;5809,170693;4916,169909;5921,358729;5247,345195;5705,197376;SUL;Campos de Lages
SC;4202537;Bom Jesus;4273,403028;4217,016695;4745,611294;4899,684271;8924,905829;8668,952768;7597,909672;7207,660217;8031,271353;8702,72215;11667,4537;8708,471704;SUL;Xanxerê
SC;4202578;Bom Jesus do Oeste;4007,398359;4363,134398;4249,532377;5029,906261;5808,317954;5992,81365;4854,027921;4352,270495;5423,994339;6798,989248;6519,39273;5719,688611;SUL;Chapecó
SC;4202602;Bom Retiro;4686,495984;5229,589397;8118,643516;7799,986216;7168,542291;6161,547456;6452,94067;6270,477682;5907,943531;6280,033469;6536,577006;7093,949238;SUL;Campos de Lages
SC;4202453;Bombinhas;6447,617417;7189,127628;5865,335208;5936,701215;6019,956494;5729,064696;6042,174669;6616,359256;6534,269756;6256,047207;6309,876389;6755,345498;SUL;Itajaí
SC;4202701;Botuverá;6686,638057;8682,137131;8515,745431;6601,628096;6823,36993;7764,614985;7691,598452;8500,511267;7616,198325;8536,011969;9014,470425;9377,134546;SUL;Blumenau
SC;4202800;Braço do Norte;6856,306874;7444,44794;6879,676673;7599,279963;7087,02222;8064,16522;7144,376176;6406,358363;7391,387121;7770,217558;8287,72763;8628,260152;SUL;Tubarão
SC;4202859;Braço do Trombudo;7827,773766;8812,194994;10088,94858;9555,732917;10435,84375;11938,84738;12193,423;11538,74388;13981,88268;16789,77783;11935,98688;14363,20918;SUL;Rio do Sul
SC;4202875;Brunópolis;4075,999264;4349,679407;5055,002285;5977,642718;7233,597952;6230,57246;5133,783833;5498,647072;5821,121971;6669,694638;6808,983595;7965,709596;SUL;Curitibanos
SC;4202909;Brusque;11243,16809;16444,25642;11298,52853;11266,68549;10935,28982;11708,20648;12077,34467;12653,29955;12178,96118;11993,62665;11482,06959;12453,45254;SUL;Blumenau
SC;4203006;Caçador;6884,439083;7267,806578;8271,605985;8133,961611;8804,698551;9089,729424;8917,565166;9159,610529;9588,893594;9160,077399;8937,896356;9657,533653;SUL;Joaçaba
SC;4203105;Caibi;3993,315287;5298,147423;5430,990057;5889,998191;7450,193906;7459,034872;6918,23031;7358,553993;7510,552114;7826,933278;7597,771521;7362,869718;SUL;Chapecó
SC;4203154;Calmon;4493,501338;5236,186648;3462,120294;2760,789329;4123,359291;3539,815031;4922,42317;4954,747252;5245,020015;4740,784677;4660,808309;7288,259642;SUL;Joaçaba
SC;4203204;Camboriú;2790,277101;2991,131359;2828,866888;2764,354532;2951,588692;2854,18919;3029,38165;3172,274071;3382,113318;3610,3105;3721,261857;3983,441238;SUL;Itajaí
SC;4203303;Campo Alegre;5929,646286;6234,612947;5644,901145;6460,655389;6453,454532;6796,527847;6013,522656;5737,407087;6325,751691;6370,826411;7005,978179;7507,273863;SUL;São Bento do Sul
SC;4203402;Campo Belo do Sul;3667,354802;3740,962031;4719,153197;5363,385218;5895,623571;5552,467385;4864,367244;4560,730369;5426,073187;5459,098383;5645,602378;6102,837808;SUL;Campos de Lages
SC;4203501;Campo Erê;6487,724732;6681,78926;6777,104062;7661,049251;10282,11351;10756,40681;8260,58908;9030,231438;9052,230447;10362,56805;9312,933233;8732,055837;SUL;Chapecó
SC;4203600;Campos Novos;7716,162174;8371,658529;8858,021462;9065,402182;10073,15548;8925,283366;8401,66651;8047,141729;10342,44263;10851,08947;13151,84523;11737,13261;SUL;Curitibanos
SC;4203709;Canelinha;4271,51704;4427,919189;4067,382061;3689,083474;3789,632594;4011,135548;3917,881989;4166,36197;4406,646793;4407,293919;4828,108362;5068,367263;SUL;Tijucas
SC;4203808;Canoinhas;5844,146092;6558,735006;6261,767;7183,813628;7830,827657;8338,441881;7638,348332;7219,504708;7321,931527;7781,865327;7695,843397;8001,804579;SUL;Canoinhas
SC;4203253;Capão Alto;5409,30759;6020,669678;5527,029832;5369,275621;6004,9649;5804,450257;5825,916725;5834,547193;5183,453875;6844,956732;6836,142391;8772,382023;SUL;Campos de Lages
SC;4203907;Capinzal;15223,28624;15962,01399;16553,48203;15327,88328;14242,35061;14206,66807;13140,58961;11299,66579;15503,58994;15883,86915;14727,00872;12711,88892;SUL;Joaçaba
SC;4203956;Capivari de Baixo;3012,928163;3113,171033;3635,287436;3577,169914;3733,232552;3562,884582;3632,390581;3864,46105;4156,543669;6410,941149;5829,711538;6626,837407;SUL;Tubarão
SC;4204004;Catanduvas;15673,54848;18635,48883;15127,66857;15842,48167;16815,48119;16309,47967;15432,77587;13468,36245;14528,34649;14762,5633;12544,69468;11932,075;SUL;Joaçaba
SC;4204103;Caxambu do Sul;4285,738641;4757,760538;5148,592368;4520,513268;6389,025259;5635,966666;5076,458159;5315,449953;5668,385509;5765,683894;5445,13341;6085,366729;SUL;Chapecó
SC;4204152;Celso Ramos;3674,035076;3874,289598;4146,222917;4866,739681;4959,508264;5201,828367;4531,213998;4758,068418;5299,290627;6352,870238;5740,382603;5922,932629;SUL;Campos de Lages
SC;4204178;Cerro Negro;2687,038579;2656,506778;3019,649424;3377,2943;3464,508003;3157,36653;3267,589391;3140,348931;3108,304161;3575,680661;3559,196672;4092,648659;SUL;Campos de Lages
SC;4204194;Chapadão do Lageado;4664,989128;5362,364918;5501,966711;6778,655564;7068,849662;8242,622659;7288,509879;6888,27699;7134,276661;7931,294893;7945,982408;9789,671128;SUL;Ituporanga
SC;4204202;Chapecó;12516,6886;10014,54489;10487,6892;10755,37233;11051,93387;11107,96148;10562,54428;10435,57535;11985,9625;12941,8877;12039,62845;10087,78706;SUL;Chapecó
SC;4204251;Cocal do Sul;10288,69822;10484,65918;9229,107233;8877,696017;9233,350539;9822,65601;9216,455126;9342,690037;9174,221985;9775,302939;9916,285804;11758,53885;SUL;Criciúma
SC;4204301;Concórdia;11488,83882;13008,27698;11935,69521;11729,00078;11464,04342;11748,20487;12306,95231;10900,81693;11595,77984;12174,88055;11289,16203;11787,65915;SUL;Concórdia
SC;4204350;Cordilheira Alta;11806,50083;12124,04726;11394,28669;13988,41734;15295,68276;16069,75908;16576,94791;16960,04105;19701,66681;21312,5662;17649,45153;16390,05852;SUL;Chapecó
SC;4204400;Coronel Freitas;4250,470431;4824,709804;4712,462763;4733,242879;5292,727082;5732,165619;6453,4858;6262,919746;6722,840193;8046,906211;7590,715523;7400,46789;SUL;Chapecó
SC;4204459;Coronel Martins;3712,812992;3894,493344;4334,645082;4670,246668;6555,183756;6736,331633;6557,93951;6122,680294;5488,846048;6535,787098;6138,352688;6003,904043;SUL;Xanxerê
SC;4204558;Correia Pinto;13042,60657;14655,57112;11306,52361;12080,09261;11681,30304;10724,8777;8330,382211;9107,920493;12019,26511;11842,83072;11190,47513;11447,60043;SUL;Campos de Lages
SC;4204509;Corupá;4614,949728;5458,788274;5784,34651;5880,087299;6133,074981;7297,208861;7392,699056;6874,364509;7355,888299;7254,65955;7294,288374;7740,395237;SUL;Joinville
SC;4204608;Criciúma;6719,841534;7168,390309;7150,445122;7084,656719;6930,848846;7232,899904;7199,806291;7509,73089;7661,136795;7724,14562;8166,281626;8274,898163;SUL;Criciúma
SC;4204707;Cunha Porã;5479,381751;6558,815714;6662,578127;8379,514249;10225,00352;10712,01884;14665,57471;8562,839906;9162,393038;10923,43577;10099,99287;10184,78627;SUL;Chapecó
SC;4204756;Cunhataí;4296,555018;4607,176101;4081,021378;4931,311522;6102,681062;6442,106597;6078,28805;4889,761298;5447,830781;6214,384946;5781,548098;6326,44018;SUL;Chapecó
SC;4204806;Curitibanos;5575,367889;5841,099626;5909,583474;6000,770102;6214,598467;6499,384946;6376,62943;6990,27873;6450,096585;6664,439296;6706,591494;7344,707602;SUL;Curitibanos
SC;4204905;Descanso;3972,854426;5340,892815;5784,643324;6066,932398;6759,659695;6891,544822;6850,446815;6340,437053;6509,166569;7491,416533;7350,495902;6977,400314;SUL;São Miguel do Oeste
SC;4205001;Dionísio Cerqueira;3534,790094;3543,230631;3867,214241;3943,682744;4246,866445;4069,081799;4536,035405;5285,477255;6546,650527;7795,31016;8040,77535;8171,479282;SUL;São Miguel do Oeste
SC;4205100;Dona Emma;4949,345644;5107,249289;4860,602962;5444,447613;5807,243479;5991,165824;6778,195463;6318,458239;5723,149195;6005,567655;6227,24208;6056,902981;SUL;Rio do Sul
SC;4205159;Doutor Pedrinho;4457,670814;4764,811644;4648,385862;4141,230086;4897,077941;4852,317095;4589,578729;4662,536636;4465,753034;4576,111427;5418,789258;5137,730739;SUL;Blumenau
SC;4205175;Entre Rios;2616,021498;2750,185882;2618,622929;2603,403881;3014,891823;3194,344033;3692,328445;3392,297865;3581,22481;3920,713464;3692,955767;3611,023889;SUL;Xanxerê
SC;4205191;Ermo;6549,444537;6933,643936;9026,626798;10490,11527;13037,94668;13732,21332;13007,1038;10735,64507;13107,13628;9727,776562;10564,81586;8093,208176;SUL;Araranguá
SC;4205209;Erval Velho;4891,770744;5311,036469;5312,158009;5665,191753;6706,547484;6581,570295;6307,270986;5945,969156;6099,322048;8017,630508;6427,050459;6221,086372;SUL;Joaçaba
SC;4205308;Faxinal dos Guedes;5237,134804;5907,303948;6817,932056;7209,625813;8458,752266;7967,582576;8398,101364;7595,926986;9258,558508;9960,267951;9570,51615;8846,965663;SUL;Xanxerê
SC;4205357;Flor do Sertão;3442,52998;4006,718156;3770,933657;4097,170692;5538,161019;4922,947131;4764,94378;4454,134701;4787,045793;5119,892429;5223,996721;5059,501854;SUL;Chapecó
SC;4205407;Florianópolis;9893,28052;10403,09946;8701,391894;9267,708245;8850,765695;8871,259896;9565,835695;9713,632549;10016,30297;10453,55243;9807,340412;10387,58482;SUL;Florianópolis
SC;4205431;Formosa do Sul;3757,392444;4045,236811;3669,864562;4294,847111;4695,73492;4752,302701;4939,778721;4709,154673;5523,522901;6267,76319;6021,083365;6372,493003;SUL;Chapecó
SC;4205456;Forquilhinha;14387,01115;17114,84361;14521,32947;9127,516191;9918,453992;11939,46552;10945,46072;9783,225979;11008,4276;12636,73115;11562,3244;12057,18452;SUL;Criciúma
SC;4205506;Fraiburgo;6846,606882;7633,336246;7021,58753;6954,655875;6676,22934;6485,130658;6628,456745;7726,850779;7429,833304;6925,776166;6700,697948;7334,036656;SUL;Joaçaba
SC;4205555;Frei Rogério;7174,652714;7140,826291;7306,187741;5161,537499;6111,073906;4666,870416;4217,0955;5100,47473;5853,844404;8240,17946;8639,024751;8585,965623;SUL;Curitibanos
SC;4205605;Galvão;3786,628409;5022,527888;4802,390061;5920,354961;7001,410495;7876,073781;6601,041639;5446,940432;7276,062462;8081,947447;7352,128248;6538,175821;SUL;Xanxerê
SC;4205704;Garopaba;3795,37363;4014,876331;4399,907648;4299,432915;4692,257041;5015,060785;5255,417761;5758,946413;5212,253596;5212,235932;5718,282656;5593,908589;SUL;Tubarão
SC;4205803;Garuva;3440,935103;3648,686624;4207,213881;4293,308265;5171,694453;6085,465162;6199,510481;7396,765865;8911,001108;9673,5415;9347,170601;10293,85035;SUL;Joinville
SC;4205902;Gaspar;8591,867931;9116,645957;9147,870601;8998,110806;12431,8206;9297,787739;9455,59542;9435,078121;10661,76804;10057,34359;10268,72194;10718,77978;SUL;Blumenau
SC;4206009;Governador Celso Ramos;3177,607331;3259,639658;3576,874541;3602,599162;3682,925522;3654,757475;3765,980681;3958,04004;4272,156313;4301,173663;4466,071794;4853,637313;SUL;Florianópolis
SC;4206108;Grão Pará;5257,353932;5871,262582;5914,822656;6720,881125;6733,907362;7669,017216;8059,699083;6535,861341;8983,395193;8566,02662;8826,076992;7459,929364;SUL;Tubarão
SC;4206207;Gravatal;3322,48255;3300,099902;2958,0311;2906,69387;3268,964687;2961,971991;3009,204352;2954,027375;3763,905882;4133,321669;5424,798943;3985,008149;SUL;Tubarão
SC;4206306;Guabiruba;5620,292723;5825,81193;5854,483577;5970,206175;5905,457339;6754,05808;7283,092322;8686,027565;9356,821509;9247,001819;10074,83708;10972,79338;SUL;Blumenau
SC;4206405;Guaraciaba;4314,436572;4541,468067;4778,805901;4600,37067;5534,135817;6144,647167;6356,982083;5750,498725;5891,761662;6445,260396;6186,884338;6095,338848;SUL;São Miguel do Oeste
SC;4206504;Guaramirim;15094,12092;14775,81089;13601,60294;11166,51797;12034,14548;13227,69864;13637,98925;14546,87604;17563,30857;18679,63391;20112,41865;18497,25924;SUL;Joinville
SC;4206603;Guarujá do Sul;4023,420491;3950,462767;4827,958532;4786,888562;5762,508692;5890,216268;5425,414141;6336,502504;7705,415669;10382,3786;9715,963182;6998,95682;SUL;São Miguel do Oeste
SC;4206652;Guatambú;3645,57485;4563,614768;4182,791686;4573,615861;5529,266595;7939,45484;9141,316443;9921,103961;12932,51288;16341,85397;12065,31203;12874,88836;SUL;Chapecó
SC;4206702;Herval d'Oeste;6721,244083;7010,075285;7295,690307;6537,960811;7079,098395;7178,440898;7051,387357;7353,876529;8123,304602;8180,247359;8159,20605;7308,590525;SUL;Joaçaba
SC;4206751;Ibiam;4172,198949;4725,931507;4351,24967;4200,116643;5210,259583;5447,370188;5779,785419;4940,342577;5882,669674;7385,762865;5773,624894;5338,345197;SUL;Joaçaba
SC;4206801;Ibicaré;4850,20135;5102,530364;5481,599389;5793,166028;6596,689603;6331,818547;6019,819689;5377,109805;6182,171468;7002,919492;6537,053974;6336,865644;SUL;Joaçaba
SC;4206900;Ibirama;6990,308142;7936,62059;6346,877102;5693,162575;5637,651498;5903,242649;5636,913822;5522,716098;5813,522667;5791,339973;5815,966319;6492,473511;SUL;Rio do Sul
SC;4207007;Içara;5059,12093;5820,41316;5451,51064;5631,457292;5999,860813;6090,638443;6219,976918;6193,075703;7034,863196;7559,443532;8035,481348;8741,011288;SUL;Criciúma
SC;4207106;Ilhota;3392,045105;4272,276283;4773,693574;6675,117367;7477,759119;4577,905022;4912,327892;5416,004149;4780,143684;5051,006925;4739,412999;6090,820153;SUL;Itajaí
SC;4207205;Imaruí;3086,21894;3160,828168;3390,893932;3599,337173;4117,370016;4648,556022;4271,09725;4333,755638;4702,189624;4767,096806;5316,836091;5017,244599;SUL;Tubarão
SC;4207304;Imbituba;4233,87742;4579,326786;5404,419597;4498,750583;4802,868077;6098,030995;6663,223741;9507,469638;11328,08144;11385,11405;11761,8313;11283,99664;SUL;Tubarão
SC;4207403;Imbuia;4594,908118;5267,120639;6396,880749;6596,597995;6329,788745;6774,922529;6487,97785;6444,059585;6579,794236;7199,305755;7622,459642;7718,452405;SUL;Ituporanga
SC;4207502;Indaial;8224,277043;9264,080178;9449,785535;9077,670277;9688,825555;10458,76048;9895,21726;10457,87368;10724,25932;10444,52193;10254,46592;11422,01206;SUL;Blumenau
SC;4207577;Iomerê;4674,792599;5035,860577;5910,168096;5457,180621;6342,13365;7024,958209;7051,178225;6196,741951;7191,777921;8203,680478;7646,994288;6034,095199;SUL;Joaçaba
SC;4207601;Ipira;3727,920876;4096,815435;3486,548075;3346,886399;3688,46131;3713,816551;3743,29804;3416,570158;3993,928402;4448,275713;4356,086372;4102,622907;SUL;Concórdia
SC;4207650;Iporã do Oeste;4014,459444;4720,766149;5517,686455;5921,724424;6755,51568;6605,87943;6640,431893;5822,46311;6246,086781;7294,298269;7067,828412;6427,83898;SUL;São Miguel do Oeste
SC;4207684;Ipuaçu;4310,201377;4687,720525;4746,64446;5944,563677;6998,995593;6668,554299;4780,17248;4105,950349;4526,260239;6681,517554;6776,332999;6596,698184;SUL;Xanxerê
SC;4207700;Ipumirim;6298,005331;7593,746706;7782,555441;8465,385572;9664,272009;11042,25684;10777,01686;9793,363662;10376,55108;13087,68745;12173,91663;11657,63149;SUL;Concórdia
SC;4207759;Iraceminha;3572,670797;4072,070044;3894,979618;4569,810297;6328,692394;6660,306783;5240,742342;5336,67101;5104,899631;6543,151551;6756,161706;6931,694924;SUL;Chapecó
SC;4207809;Irani;3490,08591;3790,831555;3703,080644;3917,578891;4294,453587;4894,656212;4725,672281;4563,90795;5063,233433;5397,715714;5267,424114;5796,390734;SUL;Concórdia
SC;4207858;Irati;3182,224672;3964,04;4501,57876;4826,20366;5525,966961;5105,26499;5066,609303;4931,292091;6184,979999;6770,22334;6413,59249;5649,569561;SUL;Chapecó
SC;4207908;Irineópolis;4582,897827;5482,815618;5544,387866;6666,165812;8157,764005;8579,603162;7336,638045;6214,839047;6736,869726;8264,099255;8401,480137;8786,595259;SUL;Canoinhas
SC;4208005;Itá;7141,976094;7349,141009;5478,741124;6702,950946;10400,64994;11655,54479;9349,849022;7752,129214;12175,44608;14018,83336;13773,65666;13861,38283;SUL;Concórdia
SC;4208104;Itaiópolis;4242,583845;5259,413838;5626,863875;5606,992888;6585,145829;6649,073852;6373,517941;6314,117417;6635,174151;7231,123193;7923,176698;8479,53947;SUL;Canoinhas
SC;4208203;Itajaí;11171,08658;11534,64172;13833,05544;17049,53124;18542,52457;21364,76395;23041,07913;22241,48998;27426,04833;30978,96093;30558,118;37071,38592;SUL;Itajaí
SC;4208302;Itapema;6842,567474;7171,034109;5643,987792;5013,462999;5170,867458;5155,149016;5279,810018;5407,786023;5996,421335;6365,334192;6547,026028;6061,567207;SUL;Itajaí
SC;4208401;Itapiranga;7640,680228;9111,455711;12678,03026;11394,33135;12973,7449;14905,8105;13983,55994;13253,78527;12784,72167;16743,83567;15471,36451;14627,5098;SUL;São Miguel do Oeste
SC;4208450;Itapoá;5293,859691;5749,462239;4209,599524;4351,652902;4459,572731;4230,212727;4369,795593;4829,397813;5659,490877;5538,740886;5740,094173;5194,900154;SUL;Joinville
SC;4208500;Ituporanga;6271,068325;7357,111227;7109,156772;6972,27515;7806,28045;8079,095671;7858,223259;8347,99746;8803,425811;9318,187798;9222,192671;9528,48013;SUL;Ituporanga
SC;4208609;Jaborá;5081,406554;5401,30094;6021,719242;6129,488769;6509,995446;7562,753403;7775,769661;6278,32759;7110,692642;8163,34627;7288,492775;6971,550667;SUL;Joaçaba
SC;4208708;Jacinto Machado;4349,553389;4672,434201;4759,390786;5260,934196;7201,819045;7305,246942;6350,640119;6322,562517;6540,274406;7953,654599;7920,763707;7161,647231;SUL;Araranguá
SC;4208807;Jaguaruna;5427,079121;6213,710388;5640,982561;4547,108931;5228,905631;5350,702063;4899,802303;4577,145789;4815,334072;5599,070517;5828,053069;5713,590162;SUL;Tubarão
SC;4208906;Jaraguá do Sul;14246,32362;15469,40257;15550,3504;15169,5493;15826,13196;17041,73208;16820,14392;13350,45463;18100,97671;18231,25237;16320,77742;16396,61279;SUL;Joinville
SC;4208955;Jardinópolis;4606,403973;4395,671595;4231,938525;4356,142974;5552,678263;6163,446926;4534,035753;4271,135283;5051,744363;6285,678923;5956,62535;4714,58361;SUL;Chapecó
SC;4209003;Joaçaba;13108,81414;14569,31444;14692,52096;16214,18636;16400,60658;16808,81463;15739,6758;14970,84426;16609,60928;16079,55784;16247,36162;15504,20327;SUL;Joaçaba
SC;4209102;Joinville;9713,404327;10745,06374;10812,2342;10468,2919;10493,46047;11315,58269;11737,20016;12802,91362;13197,79747;13905,50371;12962,61025;15997,02886;SUL;Joinville
SC;4209151;José Boiteux;4067,815729;4159,756776;3870,222245;4269,196403;4622,330136;4715,941301;4969,702126;4792,43085;4660,103648;4935,265172;4867,447077;5881,727644;SUL;Rio do Sul
SC;4209177;Jupiá;3362,713233;4230,061155;4068,89147;4617,160361;6142,087341;5882,537244;5132,520869;4908,911358;6113,706617;7001,384884;6411,242876;6534,513743;SUL;Xanxerê
SC;4209201;Lacerdópolis;5370,033294;5797,544595;5964,188911;6019,881505;6662,143045;7004,595616;5931,613789;4903,577541;7951,200644;9368,224235;8429,184564;5754,393244;SUL;Joaçaba
SC;4209300;Lages;5641,465632;6163,545987;5601,603168;5699,956245;5990,583738;6373,220047;6668,555971;7006,056586;7068,396532;7322,00205;6837,190909;7672,518207;SUL;Campos de Lages
SC;4209409;Laguna;3597,382665;3858,777966;3546,008326;3546,910243;3598,480569;3566,050932;3715,474999;4048,432105;4066,95693;4135,00841;4137,643247;4536,058346;SUL;Tubarão
SC;4209458;Lajeado Grande;4807,101643;5231,625935;5293,026347;5256,961685;6887,727409;7628,763574;7483,562608;6341,156058;7112,327948;9016,290027;9229,210147;7880,977034;SUL;Xanxerê
SC;4209508;Laurentino;6279,10481;7380,864018;7004,688173;7042,298435;8208,167434;8513,36166;8784,124039;9378,957559;10522,053;11981,8846;11759,96505;11622,18699;SUL;Rio do Sul
SC;4209607;Lauro Muller;6411,156416;10339,25356;10433,32489;4189,999157;4754,776025;6113,223382;5841,277789;5940,839464;6433,736978;6935,240873;6228,908485;5109,001394;SUL;Criciúma
SC;4209706;Lebon Régis;3300,72666;3411,55821;3298,731001;3555,228548;3943,721429;3633,270739;3743,841723;4395,991887;4547,892802;4999,833651;5054,542243;7780,331267;SUL;Joaçaba
SC;4209805;Leoberto Leal;4135,244041;4559,022795;6288,159945;7121,341449;6380,795228;4626,002879;6278,472276;5768,991683;6262,0176;7241,367098;7509,069874;8344,997634;SUL;Tijucas
SC;4209854;Lindóia do Sul;4688,966301;5134,510271;5118,946165;5547,292154;6184,010189;6891,340581;6859,479002;5765,592798;7116,90377;10218,44908;10636,93714;8485,205305;SUL;Concórdia
SC;4209904;Lontras;4028,84919;4457,132904;4531,80954;4648,146875;4915,147123;4369,813628;4344,761302;4711,809814;5013,787726;5526,723654;5567,944776;5589,059173;SUL;Rio do Sul
SC;4210001;Luiz Alves;6540,938154;7426,284731;8511,029491;7854,574045;8259,47359;9270,242015;9170,958262;9224,233795;10160,86895;10492,02494;10561,29866;11046,57966;SUL;Blumenau
SC;4210035;Luzerna;4701,787812;5089,415325;5059,886046;5182,387902;5659,574871;5879,210883;5824,875156;5728,316278;6514,762031;7181,257085;6886,30494;6882,947367;SUL;Joaçaba
SC;4210050;Macieira;3838,314897;3794,282353;3707,616078;3573,594925;4717,458237;4906,079187;5288,533296;6035,113966;6046,096188;6594,644193;7322,594461;7284,870126;SUL;Joaçaba
SC;4210100;Mafra;6033,171504;6590,55622;7027,136811;7607,619518;7907,350654;8553,284606;7748,253243;7416,849715;7752,848846;8509,43613;8214,549992;7989,959285;SUL;Canoinhas
SC;4210209;Major Gercino;3970,234707;4326,75386;5021,886548;5038,217315;5252,334014;5475,161547;5847,312326;5505,417795;4830,851402;5369,475313;6066,007838;4849,556185;SUL;Tijucas
SC;4210308;Major Vieira;4245,15972;5369,280454;5066,993018;6303,271066;7626,454925;6720,186825;6205,295107;6110,26029;7142,973421;7997,238663;7941,94258;7293,912182;SUL;Canoinhas
SC;4210407;Maracajá;7539,340017;6804,389042;7216,562733;8251,139654;9396,54488;9337,437525;8823,139733;7742,517638;8642,757205;8680,769896;9416,921935;8099,725432;SUL;Araranguá
SC;4210506;Maravilha;5689,719516;6584,017799;6853,368654;7475,017972;8278,782406;8559,466117;8036,95269;8178,717425;8042,277642;9009,852661;8368,915267;7805,988247;SUL;Chapecó
SC;4210555;Marema;5050,415746;5208,760977;5274,806977;5426,593843;6346,146681;6726,785405;6246,966802;5389,934947;6189,901892;7236,822588;7019,868601;6529,641572;SUL;Xanxerê
SC;4210605;Massaranduba;6901,999249;6903,041428;7325,302646;7482,462065;8952,252035;9229,470906;8239,575243;8512,730818;8154,880544;8421,715536;8634,476021;9952,446157;SUL;Joinville
SC;4210704;Matos Costa;2611,008546;2416,330125;2547,507439;2438,793183;2626,269168;2375,336228;2672,197214;2646,114793;3725,994515;4014,660605;4726,646303;4348,598632;SUL;Joaçaba
SC;4210803;Meleiro;6311,119795;6603,52075;7379,631781;7880,517819;11283,98821;10044,92774;8512,309854;8020,828762;8338,250437;9549,844422;10824,77115;7900,088556;SUL;Araranguá
SC;4210852;Mirim Doce;4777,717227;4868,884356;4844,221747;4356,982718;5565,633076;6362,912411;5842,780877;5094,294847;5481,930526;6089,800056;11746,14999;6110,430489;SUL;Rio do Sul
SC;4210902;Modelo;4497,532853;4746,202043;4642,366511;4829,186375;5457,004163;5678,706179;5295,849501;5321,49944;5780,639856;6122,218494;6043,528377;6117,814296;SUL;Chapecó
SC;4211009;Mondaí;4505,166523;6379,747117;6687,415089;8246,020215;10208,20509;10812,84225;10545,11425;10886,89916;12005,03222;12664,00385;13607,25324;13188,14879;SUL;São Miguel do Oeste
SC;4211058;Monte Carlo;5087,122964;5459,622622;4955,297002;5087,944247;5462,952999;4206,268603;4024,681419;4429,89745;4875,658491;5179,701271;4989,299755;6039,471141;SUL;Curitibanos
SC;4211108;Monte Castelo;3554,853649;3408,791051;3087,331365;3399,800035;3907,96351;6588,615604;5467,567668;5281,999767;5470,643218;5728,440482;5936,38995;6271,751274;SUL;Canoinhas
SC;4211207;Morro da Fumaça;9667,684398;11095,99741;10141,14661;8958,539168;8937,081029;9751,120024;9286,017073;9765,703501;9319,752828;11225,63126;11115,64599;11282,34347;SUL;Criciúma
SC;4211256;Morro Grande;5842,245156;5775,005995;5805,852696;5685,153229;6610,480827;6703,414477;5902,801553;4795,189398;5071,164819;10400,28713;12515,87063;13937,74579;SUL;Araranguá
SC;4211306;Navegantes;5127,946527;5499,699937;5199,426743;4833,610526;4803,035641;4807,356084;5140,727123;5772,409678;6340,264198;6592,079479;7683,24433;10314,87086;SUL;Itajaí
SC;4211405;Nova Erechim;4484,103789;4833,134734;5308,217257;5189,848152;6148,399222;7797,512635;6784,591605;6244,922744;6657,519631;7266,264846;6693,09538;7749,446351;SUL;Chapecó
SC;4211454;Nova Itaberaba;3007,652054;3435,909924;4715,063946;4957,837111;5558,556115;5709,021165;5884,383823;5445,668316;5953,257342;7267,746658;7015,483936;5965,045599;SUL;Chapecó
SC;4211504;Nova Trento;4843,50889;4999,876015;4715,942543;4948,538805;5373,878755;6213,585749;6198,577565;6643,075976;6352,47352;6714,871617;6714,657753;7393,59172;SUL;Tijucas
SC;4211603;Nova Veneza;11107,11216;13445,03705;12582,40153;12995,10311;15846,66873;16808,17088;14961,76792;14141,74025;15777,47449;16665,13033;14639,37254;13991,51124;SUL;Criciúma
SC;4211652;Novo Horizonte;3750,345319;4539,908513;4715,571737;5523,500821;7474,606303;7738,12812;9865,827081;6634,722953;7678,814549;7583,808721;10065,35657;9873,385814;SUL;Chapecó
SC;4211702;Orleans;6633,006558;7158,079592;7952,400378;7836,401098;8273,891033;8716,572202;9213,80308;9275,756984;9026,755772;9582,824223;9817,155345;10499,54928;SUL;Tubarão
SC;4211751;Otacílio Costa;11584,87191;12763,55704;11714,37247;11054,10438;11580,89609;13103,27188;10401,5781;11249,11193;10897,65375;10723,31687;10597,31007;13700,6369;SUL;Campos de Lages
SC;4211801;Ouro;5201,852396;5703,237173;4713,517713;4783,945243;5270,860937;5754,332028;5018,559748;4179,040678;5170,336599;5543,066369;5504,302813;4675,335431;SUL;Joaçaba
SC;4211850;Ouro Verde;7555,459567;7612,54494;8807,105974;9764,721412;14368,32874;17071,46246;10184,54311;9406,698711;10716,81065;14047,54183;14025,74455;11171,34136;SUL;Xanxerê
SC;4211876;Paial;3389,89808;3580,632616;4610,726137;4346,163544;5409,139281;5405,145237;5004,851468;4270,222601;5535,269356;6096,98089;5297,738019;5167,745538;SUL;Concórdia
SC;4211892;Painel;5346,458327;6240,740655;5305,292755;5442,149526;5578,258039;5076,854109;5134,653411;4982,040636;5502,531201;5835,741581;6027,538923;7062,81362;SUL;Campos de Lages
SC;4211900;Palhoça;4187,350652;4297,182108;3828,914362;3684,260141;3780,228841;3600,263132;3832,662699;4615,033871;4995,633586;5922,136577;6229,420591;6558,922973;SUL;Florianópolis
SC;4212007;Palma Sola;4654,807402;4729,144303;4818,710571;5823,87705;7381,3242;7678,292349;6252,100842;6259,047843;6688,391533;7477,843827;7040,963652;7992,476317;SUL;São Miguel do Oeste
SC;4212056;Palmeira;6323,079739;6434,638862;8108,031187;6871,387206;7122,672923;7765,478308;9284,137347;9297,890831;8595,773224;8399,58677;8686,952459;10871,89743;SUL;Campos de Lages
SC;4212106;Palmitos;4449,829768;6531,002355;6920,69461;8311,008539;10061,05609;10975,51738;9814,400925;8714,274327;10439,42846;11658,06124;10356,66163;10240,61878;SUL;Chapecó
SC;4212205;Papanduva;4183,829263;4810,425654;4984,930974;5440,125848;6122,942787;7077,487264;5907,838963;5699,569672;6534,013267;7527,963665;7775,365465;7769,411624;SUL;Canoinhas
SC;4212239;Paraíso;3301,971973;3588,958064;3702,833546;3895,316706;4941,736747;5191,442991;5250,700922;4702,699554;4589,946213;5661,672643;5347,430129;5452,964847;SUL;São Miguel do Oeste
SC;4212254;Passo de Torres;4503,590063;4782,690017;4027,957418;4196,820715;5329,432678;4301,739227;4626,304812;4729,113891;5201,661889;4460,776097;4365,8818;5117,873595;SUL;Araranguá
SC;4212270;Passos Maia;3413,5676;3281,407815;3214,666605;3631,621736;3979,014675;3493,996387;3507,367459;3345,609411;5042,169874;6084,986815;6380,937541;5292,020216;SUL;Xanxerê
SC;4212304;Paulo Lopes;3257,331477;3823,208548;3769,930612;3986,018933;4305,375248;4379,254471;4497,785907;5052,310769;4996,396296;5113,355985;5634,821142;6240,934079;SUL;Florianópolis
SC;4212403;Pedras Grandes;3978,625912;4427,878763;4993,118005;5407,586091;7472,792938;6100,90248;6595,316757;6456,764021;5750,546081;7576,401214;7067,587742;7385,390672;SUL;Tubarão
SC;4212502;Penha;4049,450368;4337,341063;4459,86461;4319,814255;4269,874364;4271,46059;4510,012715;5059,29035;5307,884834;5317,260989;5476,603145;5682,695098;SUL;Itajaí
SC;4212601;Peritiba;4692,01105;5197,966913;5103,728431;5276,961068;6172,570394;6364,29176;6521,950534;6400,324135;8120,734454;8568,124587;7580,179635;7071,582109;SUL;Concórdia
SC;4212700;Petrolândia;4767,7468;5519,617513;5602,449138;5753,88123;6250,083753;6004,189606;6261,125225;5631,403844;6132,685426;7450,802389;7991,553751;8263,200059;SUL;Ituporanga
SC;4212809;Piçarras;4946,075483;4943,566698;5053,781734;5117,602364;5799,131075;6058,576573;6560,748308;7760,618217;8339,567347;8153,844904;7721,305675;6853,933779;SUL;Itajaí
SC;4212908;Pinhalzinho;6849,878465;7615,334081;7452,302401;9008,729947;9140,821353;10487,56673;9029,565132;9288,69261;9813,680807;10874,93605;12237,75135;10123,58978;SUL;Chapecó
SC;4213005;Pinheiro Preto;6177,100237;7525,384941;9091,304987;7785,170468;7700,828307;7957,966792;8475,498345;8600,557474;9679,539345;9882,398181;10871,24376;10983,65025;SUL;Joaçaba
SC;4213104;Piratuba;4963,266778;9358,917295;7998,227244;7475,368395;9979,425463;11737,79552;8077,237893;6543,301957;8387,763959;8212,492194;7746,671411;7543,632539;SUL;Concórdia
SC;4213153;Planalto Alegre;3908,733549;4393,899076;4735,449652;4889,35255;5988,487795;5929,898954;4985,191191;4825,719173;5052,245675;5494,675305;5215,153095;5765,360401;SUL;Chapecó
SC;4213203;Pomerode;9183,016682;10032,19542;11136,97331;10438,86362;10310,09671;11160,68841;12179,31698;12776,04095;13258,48592;12951,064;13151,12322;14126,30311;SUL;Blumenau
SC;4213302;Ponte Alta;4487,18376;4878,306838;5735,13716;5830,870499;6984,268278;5895,989124;6539,791541;6562,023464;5723,764418;5622,974177;5740,511641;5441,008922;SUL;Curitibanos
SC;4213351;Ponte Alta do Norte;5411,343075;5866,430726;11890,35449;13129,92338;14102,77473;11116,03398;12692,12731;11254,87677;7795,49949;7513,444462;7482,593709;9388,845898;SUL;Curitibanos
SC;4213401;Ponte Serrada;4606,356964;4927,00748;4276,22007;4590,905081;4854,679081;4502,669055;4552,047092;4551,080527;4707,449979;4802,72329;4529,388715;5210,209813;SUL;Xanxerê
SC;4213500;Porto Belo;5546,713464;6243,47466;5449,411466;5597,111659;5392,378842;5358,207551;5415,119853;6631,571003;6223,133933;6213,776212;14064,94256;13141,51988;SUL;Itajaí
SC;4213609;Porto União;3230,997864;3465,636805;3243,545097;3126,765104;3547,457879;3721,201742;3539,645915;3667,578953;3952,109505;4741,971619;4078,867926;4381,260994;SUL;Canoinhas
SC;4213708;Pouso Redondo;4814,000669;5349,544559;5929,350771;6227,201995;7031,672939;8095,169603;7628,007097;7556,669562;7290,341772;7901,863884;7899,229752;7871,253605;SUL;Rio do Sul
SC;4213807;Praia Grande;3238,587064;3350,101228;3713,376209;3690,049118;4526,573377;4181,545476;4321,687318;4403,581198;4029,599858;4870,455177;5250,258897;5283,397345;SUL;Araranguá
SC;4213906;Presidente Castelo Branco;7158,094304;7994,206843;7791,843569;7903,186766;7070,835301;5009,695979;4839,988928;4211,56915;6136,273201;7285,050627;6242,930033;5557,723203;SUL;Concórdia
SC;4214003;Presidente Getúlio;7718,250122;8555,243684;8887,000319;9353,60278;9294,496529;10395,81834;10004,51192;8879,586013;8876,822418;10251,27103;9295,431943;8983,93993;SUL;Rio do Sul
SC;4214102;Presidente Nereu;4636,110048;5096,705647;5313,052865;5894,010482;6140,209963;7148,50033;7517,057246;6953,496565;6420,272186;7400,542878;7157,566347;6754,118283;SUL;Rio do Sul
SC;4214151;Princesa;3610,69102;4171,776238;3991,896938;3993,352394;4345,94364;4956,941708;4858,03425;4393,844787;4581,094698;5248,906232;5938,523359;5808,719016;SUL;São Miguel do Oeste
SC;4214201;Quilombo;6924,896131;7424,983065;7070,755053;8181,011922;9044,647197;12216,9775;10480,88018;9927,283578;10266,8355;11433,11252;9835,274392;7440,386767;SUL;Chapecó
SC;4214300;Rancho Queimado;5643,097082;5943,707759;5510,986356;5321,22186;5837,468667;5703,425089;5620,443909;6519,271346;5524,906609;6983,67929;6490,348026;7155,332264;SUL;Tabuleiro
SC;4214409;Rio das Antas;4354,473924;4851,342994;4578,537629;4430,439769;5133,516222;5262,44951;5196,978185;4705,034752;5552,034405;6321,818747;6693,008212;5807,065776;SUL;Joaçaba
SC;4214508;Rio do Campo;4711,549503;5792,980511;5061,891203;5471,90958;6163,596102;7232,685683;7154,000979;6294,733295;6697,104331;7053,006345;7288,547818;7763,187852;SUL;Rio do Sul
SC;4214607;Rio do Oeste;5437,431123;6077,974196;6004,281319;6369,722343;7222,85831;7474,494318;7109,773831;6955,331807;7611,106986;8685,028433;8841,850506;7681,043577;SUL;Rio do Sul
SC;4214805;Rio do Sul;8255,100909;8783,937633;8452,677772;9403,994722;9367,765804;10334,65157;10931,86915;11229,9634;11100,53684;11058,38063;9951,504269;9747,948221;SUL;Rio do Sul
SC;4214706;Rio dos Cedros;5879,633364;6447,149852;6577,014749;6730,940543;6793,575845;7294,295909;6809,850792;7097,670395;7032,250277;6913,536875;6704,911796;7444,524374;SUL;Blumenau
SC;4214904;Rio Fortuna;5290,491815;6598,067622;6171,715055;5818,975726;6390,77722;6411,385073;6587,338237;5980,837345;6349,109358;7264,921816;8216,802357;8171,545687;SUL;Tubarão
SC;4215000;Rio Negrinho;6368,03612;7243,390116;7008,879303;7242,107865;6796,989467;7266,420787;6699,449367;6368,309633;6576,597554;6385,353657;5763,518213;6479,524134;SUL;São Bento do Sul
SC;4215059;Rio Rufino;3920,796202;3968,656756;4332,480728;4551,75519;4466,759725;4127,412414;4034,555069;3660,153532;4322,772675;4838,591981;4882,836636;5279,822514;SUL;Campos de Lages
SC;4215075;Riqueza;3544,099829;4218,389421;4507,530837;4856,640318;6085,840099;6519,674346;5464,248495;5359,130171;4951,24735;5653,686834;5233,86436;4961,08707;SUL;São Miguel do Oeste
SC;4215109;Rodeio;7613,942684;8033,920028;6942,801112;5767,967962;5357,11063;5650,119162;5082,321199;5162,583994;5248,818678;5413,370661;5738,084348;6243,46139;SUL;Blumenau
SC;4215208;Romelândia;3085,866836;3298,533421;3650,498879;3845,886679;4461,929556;5293,748834;5490,577598;5092,641931;4475,154801;5190,540624;5266,306704;5330,306814;SUL;São Miguel do Oeste
SC;4215307;Salete;5280,389274;5651,041074;5755,122463;6120,527586;6080,667884;6903,06786;6619,839905;6201,325936;5843,111498;5916,838554;6314,783443;6128,765295;SUL;Rio do Sul
SC;4215356;Saltinho;2618,44296;2891,278857;3489,578889;4191,979834;5180,463115;5819,645927;5473,401323;5395,522651;4500,701491;5335,825803;6398,901567;5793,142798;SUL;Chapecó
SC;4215406;Salto Veloso;13641,94143;15598,09495;14281,60216;12267,06893;12463,89727;12075,58156;13333,22841;14231,37499;15111,37168;16590,52395;16014,34774;14193,08279;SUL;Joaçaba
SC;4215455;Sangão;3663,751084;3952,292836;3628,974296;3719,341993;4499,682623;4723,697589;4751,158291;4879,003299;5222,97165;5562,710896;5534,077781;6832,904798;SUL;Tubarão
SC;4215505;Santa Cecília;5129,109476;5774,698753;5068,662568;5707,969484;6843,005035;7927,771508;7727,729606;7239,787403;6535,384873;6617,165761;6120,936725;6873,836054;SUL;Curitibanos
SC;4215554;Santa Helena;3736,786179;4502,064567;4858,207462;4927,080965;5714,610886;6220,754876;5914,472272;5793,642649;6035,177708;6807,936544;6642,041472;6016,157909;SUL;São Miguel do Oeste
SC;4215604;Santa Rosa de Lima;8277,625305;7727,502997;6967,171289;5167,184749;7170,138058;6737,709549;6961,424743;6318,111718;6522,188562;7081,169165;7298,403238;7810,084242;SUL;Tubarão
SC;4215653;Santa Rosa do Sul;3021,019686;2876,019657;3209,355311;3536,821681;3905,160149;4013,473054;4056,042779;3512,1661;4261,244725;3916,712435;5029,117845;4689,153526;SUL;Araranguá
SC;4215679;Santa Terezinha;3978,239386;4377,81481;4085,250408;5330,210255;5686,377475;5983,566749;5955,600964;5177,248759;5603,608641;6675,890164;6938,358211;6765,323973;SUL;Canoinhas
SC;4215687;Santa Terezinha do Progresso;2379,821871;2778,255354;3288,534311;3793,615575;4456,772168;5842,763218;5144,705706;4750,167933;4697,149278;5926,692665;6002,807074;5834,621092;SUL;Chapecó
SC;4215695;Santiago do Sul;5024,692699;5635,299938;5683,289241;6741,703502;9137,263178;6898,731811;6031,44387;5816,548726;6962,128767;7833,325655;6951,597634;6421,461609;SUL;Chapecó
SC;4215703;Santo Amaro da Imperatriz;3712,032299;3918,109531;4169,975158;4380,951962;4600,056538;4387,797965;4377,661553;4594,164128;5187,431897;4925,239411;5469,842141;5488,13084;SUL;Florianópolis
SC;4215802;São Bento do Sul;9547,596133;10190,70585;9732,575206;10473,0298;10652,9274;11437,94998;10240,83466;9695,245428;10479,58727;10309,17583;9478,181189;10558,3012;SUL;São Bento do Sul
SC;4215752;São Bernardino;3298,099455;3708,33671;4309,260662;5026,080935;6034,40563;5917,161722;5529,808427;5704,274902;5921,225755;7741,862457;7588,925519;7114,518027;SUL;Chapecó
SC;4215901;São Bonifácio;4579,497467;4781,24684;4263,148075;4946,59135;6070,396902;5923,342187;5901,624593;5299,237189;4438,071292;4795,724235;4932,923897;5240,915455;SUL;Tabuleiro
SC;4216008;São Carlos;4356,12204;4704,829706;5146,797591;5699,995116;6250,669922;6331,175136;5862,489034;5763,85368;6078,7806;6777,766915;6452,091042;6796,277154;SUL;Chapecó
SC;4216057;São Cristovão do Sul;6177,106521;9708,522046;8270,271066;10739,82297;10657,22823;9001,86652;8731,667061;7705,406005;6069,63257;5972,393753;5972,914367;6120,564839;SUL;Curitibanos
SC;4216107;São Domingos;5548,01092;6451,769007;6093,024878;7343,952756;8919,431793;9494,064593;7499,865971;7898,40267;8415,183515;9290,373036;10121,74922;9322,533963;SUL;Xanxerê
SC;4216206;São Francisco do Sul;21197,28706;18095,23589;19759,63088;33116,90932;35982,953;25656,86666;39877,88945;44201,74907;44119,73086;41613,83662;40100,19025;41809,14696;SUL;Joinville
SC;4216305;São João Batista;4940,362743;6064,013773;5652,493332;5706,154366;6452,601243;7350,012389;7993,117551;9070,446369;7159,853743;7233,279339;6806,478877;6724,378818;SUL;Tijucas
SC;4216354;São João do Itaperiú;5776,391456;5598,41848;6388,321049;7439,184867;7494,396175;6913,924397;6123,082616;6721,215555;7457,491676;7536,070342;7738,552067;7828,836412;SUL;Itajaí
SC;4216255;São João do Oeste;4367,000764;4896,657891;6101,205518;5255,210845;6507,392472;7614,568756;8048,47649;7807,577155;7934,895468;9734,119925;10454,9083;10173,60445;SUL;São Miguel do Oeste
SC;4216404;São João do Sul;3975,842057;3844,432239;4362,336031;5027,442547;5930,569056;5502,221055;5127,053113;4269,350165;3543,338876;5170,021398;5720,259193;5233,801238;SUL;Araranguá
SC;4216503;São Joaquim;4409,462779;4437,287708;4730,187626;4823,590829;5602,029965;4852,512426;4805,545041;5972,665932;5686,46532;5803,06483;5960,790695;6521,634486;SUL;Campos de Lages
SC;4216602;São José;7245,04758;8250,955894;7091,37197;7021,003625;7231,430558;7858,150719;7825,625382;8678,37552;9170,730764;10639,64606;10011,8986;10175,94712;SUL;Florianópolis
SC;4216701;São José do Cedro;4806,860855;5472,252135;5129,380552;5580,493165;6924,148497;7293,193919;7424,415301;7571,134508;8324,373748;9262,688228;8830,263374;8693,080137;SUL;São Miguel do Oeste
SC;4216800;São José do Cerrito;3383,406413;3282,034039;3223,754102;3406,205622;3500,49093;3090,641042;3150,308689;3133,95523;3345,259659;4435,622945;3593,530062;4226,829614;SUL;Campos de Lages
SC;4216909;São Lourenço do Oeste;6467,537591;6812,738899;7629,793417;9096,006524;10152,09761;10217,59204;10212,36679;10541,02759;10278,99194;10676,28521;10806,37896;11361,69504;SUL;Chapecó
SC;4217006;São Ludgero;9055,830548;11258,70119;11650,54036;11598,6349;12187,77638;12481,21255;12615,57072;11505,2398;11412,08995;11127,71439;11605,58894;9585,935114;SUL;Tubarão
SC;4217105;São Martinho;4516,354265;4697,80049;4799,060241;5209,862781;6346,012206;7215,14008;6708,413653;5547,353381;6611,450267;7777,691729;7241,841251;6774,703776;SUL;Tubarão
SC;4217154;São Miguel da Boa Vista;3250,601956;3564,214752;3825,781701;4131,185689;4700,858357;5105,938424;4582,419821;5325,087715;4232,492838;5344,448599;4775,011355;5167,384583;SUL;Chapecó
SC;4217204;São Miguel do Oeste;6693,927143;7063,806886;6584,474479;7314,587757;7985,968464;8429,162666;8293,405406;8272,006247;8167,869158;9094,868382;8127,433701;7823,399007;SUL;São Miguel do Oeste
SC;4217253;São Pedro de Alcântara;3148,583173;3503,321255;3615,923595;3962,051597;4451,761985;7715,465691;4091,6203;4112,421912;4176,587831;3591,319749;3653,859127;3869,212691;SUL;Florianópolis
SC;4217303;Saudades;7581,422666;8597,475796;7447,127411;7305,129085;8617,714089;9214,898047;9097,186512;9781,458747;7808,079101;8229,55413;7497,440673;7324,608283;SUL;Chapecó
SC;4217402;Schroeder;5772,976251;6453,42713;6113,033067;6311,779168;6325,036823;6085,761354;6568,864775;6842,523475;6583,03626;6838,210283;6420,297797;7029,973442;SUL;Joinville
SC;4217501;Seara;11029,58271;14043,54451;18003,51654;19103,361;16225,29303;18178,41896;17114,00765;15692,1966;16745,35567;20651,83284;15676,93908;14231,18773;SUL;Concórdia
SC;4217550;Serra Alta;3901,060311;4249,991743;4195,276322;4328,860709;5252,750242;5608,460878;4737,02502;4875,757123;5200,675889;5992,687738;6498,260609;6153,410785;SUL;Chapecó
SC;4217600;Siderópolis;9690,225247;14139,58531;11435,37992;7137,214141;6592,958219;6763,492308;6696,286288;7016,081279;7943,904841;8895,558063;8471,290926;8771,507891;SUL;Criciúma
SC;4217709;Sombrio;3677,401238;3844,913856;4165,055452;4356,289544;4446,299118;4677,259944;4873,754614;4769,320948;4944,042847;5173,368002;6462,946538;5975,093018;SUL;Araranguá
SC;4217758;Sul Brasil;3584,507049;3446,413645;3857,17181;3988,624431;4974,898752;4652,874677;4379,286278;4346,049861;4029,349694;4712,250383;5136,775251;5498,587466;SUL;Chapecó
SC;4217808;Taió;5139,410737;5711,023525;6027,063591;6210,074855;7179,792765;8132,577635;8106,437315;7802,454218;7894,65921;8601,314846;8394,900543;9126,311623;SUL;Rio do Sul
SC;4217907;Tangará;6284,465657;7229,692744;6769,014362;6974,604972;8917,654149;9568,395431;9481,947953;9224,045377;10605,67884;11460,11319;10853,79275;10616,89122;SUL;Joaçaba
SC;4217956;Tigrinhos;3715,895549;4128,447624;3721,813738;4521,109794;4729,46956;4650,363381;3784,196038;3555,119225;4614,081791;5850,830726;5937,919822;5449,855656;SUL;Chapecó
SC;4218004;Tijucas;9180,475999;9412,608598;8814,965898;8722,144216;8908,989584;9307,786478;8946,961029;9070,148316;8647,545312;9009,629376;8901,930682;9838,250472;SUL;Tijucas
SC;4218103;Timbé do Sul;4395,603664;4232,052286;4463,49638;4689,62151;5084,221697;5248,265986;5199,090344;4163,509833;4475,799637;5002,764293;5904,311682;4719,690018;SUL;Araranguá
SC;4218202;Timbó;10348,15092;11305,57747;11622,24495;11822,71561;11769,38099;13060,35706;12167,62845;11583,6532;11996,75767;11905,60174;11736,53635;11933,35248;SUL;Blumenau
SC;4218251;Timbó Grande;3415,197694;6367,09877;6611,649421;5703,769511;6803,483403;6940,789016;5757,717031;6075,149685;6306,646134;5670,758321;4672,429834;6396,333238;SUL;Canoinhas
SC;4218301;Três Barras;6902,554156;8226,142693;8615,517377;9195,185529;9706,167732;10784,12737;9254,516145;8469,657332;10124,17527;10226,14389;9744,45159;10196,08426;SUL;Canoinhas
SC;4218350;Treviso;45300,04524;69502,15009;41083,80447;15618,45339;12382,63031;13531,76671;11300,78235;10530,82247;12359,83225;13422,11361;14164,91906;23499,08045;SUL;Criciúma
SC;4218400;Treze de Maio;4900,044852;5179,818526;5014,573608;4804,035155;6416,272637;5972,759648;5198,034604;4713,63048;4839,517784;5361,421384;6175,373016;5874,882547;SUL;Tubarão
SC;4218509;Treze Tílias;11132,54547;13946,43507;15258,74607;15433,68396;17606,51047;19452,52455;19011,88959;23828,60002;28745,47686;27201,34243;25462,65128;23643,8139;SUL;Joaçaba
SC;4218608;Trombudo Central;7381,649963;9054,702539;9602,921023;9304,150454;11056,41983;14825,28249;11329,87635;11663,37022;10818,97618;11830,94799;9811,584114;10197,16838;SUL;Rio do Sul
SC;4218707;Tubarão;7852,721258;8072,612534;7999,569748;7653,890612;7118,640608;7548,621049;7556,882677;7608,740463;8341,856584;8402,786674;7958,438441;8237,363011;SUL;Tubarão
SC;4218756;Tunápolis;4079,697133;4702,781231;4969,894006;5068,197982;5498,589203;5564,403129;5988,902827;5746,162511;6369,352506;7043,171948;6596,971032;6182,672255;SUL;São Miguel do Oeste
SC;4218806;Turvo;6464,33615;6399,623409;7118,941405;8752,806646;11489,38365;11153,02021;9188,946003;9548,63139;11017,96812;13451,2739;14071,63679;11724,46778;SUL;Araranguá
SC;4218855;União do Oeste;3316,058858;3352,713952;3736,084497;3944,012306;5131,939477;6691,224252;6159,588824;4501,820718;6558,465581;6919,156767;5954,051784;5457,412089;SUL;Chapecó
SC;4218905;Urubici;3423,852367;3700,468313;4111,639069;3809,391071;4741,667723;4333,700186;4563,056641;4381,452176;4331,872343;5242,510466;5659,428026;6107,66227;SUL;Campos de Lages
SC;4218954;Urupema;4574,647122;5105,288756;5330,816248;4374,779698;4597,980193;4086,347266;3982,755506;5080,192611;4795,499727;5604,660969;5855,381028;6384,107019;SUL;Campos de Lages
SC;4219002;Urussanga;6951,913933;8443,471785;8202,356461;7756,812235;7467,369949;8233,51475;8769,19579;8466,637054;9688,072491;10270,8806;9997,87113;9681,580511;SUL;Criciúma
SC;4219101;Vargeão;5548,876999;6614,406638;6189,41976;6278,629128;7510,242064;6903,842677;7446,340989;8653,010029;12752,84013;11837,87785;8066,930422;7894,780959;SUL;Xanxerê
SC;4219150;Vargem;3192,181146;3406,024592;4290,753567;4668,845687;5160,330855;4361,743552;5104,709737;4981,362074;6454,081016;6569,340951;5387,229898;5535,960423;SUL;Curitibanos
SC;4219176;Vargem Bonita;10385,81576;11695,03988;13666,79613;16401,59925;19510,62622;20856,27942;20769,08185;21741,2703;22135,27248;21555,91288;19293,95067;20297,99823;SUL;Joaçaba
SC;4219200;Vidal Ramos;5339,782037;6004,380017;5913,390772;6828,503632;7267,293358;7687,63481;7505,758022;6917,561152;7323,140007;8068,298559;8645,54577;8540,521504;SUL;Ituporanga
SC;4219309;Videira;14034,2253;14574,62656;12877,42385;13651,24558;14147,86425;14833,75769;14456,93688;13895,13462;16176,8864;16916,68678;14933,71233;13266,23952;SUL;Joaçaba
SC;4219358;Vitor Meireles;3811,79277;4101,211123;13677,96484;4775,200462;5083,264744;5467,950376;5743,57856;5223,307927;5329,32029;5683,215759;5985,498185;6426,976795;SUL;Rio do Sul
SC;4219408;Witmarsum;4891,004049;5220,915802;5630,6848;6290,991647;6699,017003;7701,163651;7741,318414;7510,635609;6942,082662;7782,505579;7806,483506;8233,845954;SUL;Rio do Sul
SC;4219507;Xanxerê;6707,027172;7227,026338;9067,344939;8553,46011;8937,627225;9833,961333;9261,838793;8706,775901;9763,306543;10936,20275;10483,41599;9800,326619;SUL;Xanxerê
SC;4219606;Xavantina;4914,900373;5162,626098;5945,037757;6340,977524;7940,681916;9565,037641;10077,87563;7359,205326;8940,497808;10857,65366;9000,377343;8066,743933;SUL;Concórdia
SC;4219705;Xaxim;8197,202366;8555,783454;10775,78652;10454,01916;6997,005898;8872,542788;8739,324266;8635,468646;10857,22586;10882,68126;10228,03656;9629,314097;SUL;Xanxerê
SC;4219853;Zortéa;4481,325927;5107,178997;4872,003248;4661,704676;5971,814135;5337,997582;3761,729196;4175,970682;5032,070883;5511,371458;5750,796348;5110,045866;SUL;Curitibanos
